time,altitude,velocity,acceleration,temperature
119,0,-0.39000000000000007,-3.9000000000000004,19.883461512230724
